Mechanism,Accuracy (%),Avg Confidence (%),ECE,Overconfidence (%),Brier Score
Baseline,83.33333333333334,93.25,0.09916666666666667,9.916666666666657,0.12995833333333334
Audit,83.33333333333334,89.21666666666667,0.09216666666666663,9.216666666666669,0.13709833333333335
Safety,76.66666666666667,85.49019607843137,0.027450980392156762,-2.7450980392156907,0.10049019607843139
